Workbook

Sheet per_pub
A1: pub | B1: total | C1: t_count | D1: non_t | E1: t_percent
A2: ACS | B2: 28.666667 | C2: 23 | D2: 5.6666667 | E2: 80.263942
A3: Elsevier | B3: 21 | C3: 19.333333 | D3: 1.6666667 | E3: 91.86735
A4: RSC | B4: 23 | C4: 21.333333 | D4: 1.6666667 | E4: 92.742644
A5: Springer | B5: 44.666667 | C5: 38.333333 | D5: 6.3333333 | E5: 85.803689
A6: Wiley | B6: 99.333333 | C6: 94.666667 | D6: 4.6666667 | E6: 95.351534

Sheet overall
A1: overall_total | B1: overall_t_count | C1: overall_non_t | D1: overall_t_percent
A2: 216.66667 | B2: 196.66667 | C2: 20 | D2: 90.776163

Sheet mean
A1: pub | B1: total | C1: t_count | D1: non_t | E1: t_percent
A2: ACS | B2: =(sheet1!B2+Sheet2!B2+Sheet3!B2)/3 -> 28.666667 | C2: =(sheet1!C2+Sheet2!C2+Sheet3!C2)/3 -> 23 | D2: =(sheet1!D2+Sheet2!D2+Sheet3!D2)/3 -> 5.6666667 | E2: =(sheet1!E2+Sheet2!E2+Sheet3!E2)/3 -> 80.263942
A3: Elsevier | B3: =(sheet1!B3+Sheet2!B3+Sheet3!B3)/3 -> 21 | C3: =(sheet1!C3+Sheet2!C3+Sheet3!C3)/3 -> 19.333333 | D3: =(sheet1!D3+Sheet2!D3+Sheet3!D3)/3 -> 1.6666667 | E3: =(sheet1!E3+Sheet2!E3+Sheet3!E3)/3 -> 91.86735
A4: RSC | B4: =(sheet1!B4+Sheet2!B4+Sheet3!B4)/3 -> 23 | C4: =(sheet1!C4+Sheet2!C4+Sheet3!C4)/3 -> 21.333333 | D4: =(sheet1!D4+Sheet2!D4+Sheet3!D4)/3 -> 1.6666667 | E4: =(sheet1!E4+Sheet2!E4+Sheet3!E4)/3 -> 92.742644
A5: Springer | B5: =(sheet1!B5+Sheet2!B5+Sheet3!B5)/3 -> 44.666667 | C5: =(sheet1!C5+Sheet2!C5+Sheet3!C5)/3 -> 38.333333 | D5: =(sheet1!D5+Sheet2!D5+Sheet3!D5)/3 -> 6.3333333 | E5: =(sheet1!E5+Sheet2!E5+Sheet3!E5)/3 -> 85.803689
A6: Wiley | B6: =(sheet1!B6+Sheet2!B6+Sheet3!B6)/3 -> 99.333333 | C6: =(sheet1!C6+Sheet2!C6+Sheet3!C6)/3 -> 94.666667 | D6: =(sheet1!D6+Sheet2!D6+Sheet3!D6)/3 -> 4.6666667 | E6: =(sheet1!E6+Sheet2!E6+Sheet3!E6)/3 -> 95.351534
A7: Total | B7: =(sheet4!A2+sheet4!A3+sheet4!A4)/3 -> 216.66667 | C7: =(sheet4!B2+sheet4!B3+sheet4!B4)/3 -> 196.66667 | D7: =(sheet4!C2+sheet4!C3+sheet4!C4)/3 -> 20 | E7: =(sheet4!D2+sheet4!D3+sheet4!D4)/3 -> 90.776163

Sheet std
A1: pub | B1: total | C1: t_count | D1: non_t | E1: t_percent
A2: ACS | B2: =_xlfn.STDEV.S(sheet1!B2,Sheet2!B2,Sheet3!B2) -> 1.5275252 | C2: =_xlfn.STDEV.S(sheet1!C2,Sheet2!C2,Sheet3!C2) -> 1 | D2: =_xlfn.STDEV.S(sheet1!D2,Sheet2!D2,Sheet3!D2) -> 0.57735027 | E2: =_xlfn.STDEV.S(sheet1!E2,Sheet2!E2,Sheet3!E2) -> 1.1093726
A3: Elsevier | B3: =_xlfn.STDEV.S(sheet1!B3,Sheet2!B3,Sheet3!B3) -> 2 | C3: =_xlfn.STDEV.S(sheet1!C3,Sheet2!C3,Sheet3!C3) -> 2.5166115 | D3: =_xlfn.STDEV.S(sheet1!D3,Sheet2!D3,Sheet3!D3) -> 0.57735027 | E3: =_xlfn.STDEV.S(sheet1!E3,Sheet2!E3,Sheet3!E3) -> 3.3158598
A4: RSC | B4: =_xlfn.STDEV.S(sheet1!B4,Sheet2!B4,Sheet3!B4) -> 1 | C4: =_xlfn.STDEV.S(sheet1!C4,Sheet2!C4,Sheet3!C4) -> 1.1547005 | D4: =_xlfn.STDEV.S(sheet1!D4,Sheet2!D4,Sheet3!D4) -> 0.57735027 | E4: =_xlfn.STDEV.S(sheet1!E4,Sheet2!E4,Sheet3!E4) -> 2.5480393
A5: Springer | B5: =_xlfn.STDEV.S(sheet1!B5,Sheet2!B5,Sheet3!B5) -> 1.1547005 | C5: =_xlfn.STDEV.S(sheet1!C5,Sheet2!C5,Sheet3!C5) -> 1.5275252 | D5: =_xlfn.STDEV.S(sheet1!D5,Sheet2!D5,Sheet3!D5) -> 0.57735027 | E5: =_xlfn.STDEV.S(sheet1!E5,Sheet2!E5,Sheet3!E5) -> 1.5126433
A6: Wiley | B6: =_xlfn.STDEV.S(sheet1!B6,Sheet2!B6,Sheet3!B6) -> 2.5166115 | C6: =_xlfn.STDEV.S(sheet1!C6,Sheet2!C6,Sheet3!C6) -> 0.57735027 | D6: =_xlfn.STDEV.S(sheet1!D6,Sheet2!D6,Sheet3!D6) -> 3.0550505 | E6: =_xlfn.STDEV.S(sheet1!E6,Sheet2!E6,Sheet3!E6) -> 2.9382152
A7: Total | B7: =_xlfn.STDEV.S(sheet4!A2,sheet4!A3,sheet4!A4) -> 2.5166115 | C7: =_xlfn.STDEV.S(sheet4!B2,sheet4!B3,sheet4!B4) -> 2.8867513 | D7: =_xlfn.STDEV.S(sheet4!C2,sheet4!C3,sheet4!C4) -> 3.6055513 | E7: =_xlfn.STDEV.S(sheet4!D2,sheet4!D3,sheet4!D4) -> 1.5907667

Sheet sheet1
A1: pub | B1: total | C1: t_count | D1: non_t | E1: t_percent
A2: ACS | B2: 27 | C2: 22 | D2: 5 | E2: =C2/B2*100 -> 81.481481
A3: Elsevier | B3: 21 | C3: 19 | D3: 2 | E3: =C3/B3*100 -> 90.47619
A4: RSC | B4: 23 | C4: 22 | D4: 1 | E4: =C4/B4*100 -> 95.652174
A5: Springer | B5: 44 | C5: 37 | D5: 7 | E5: =C5/B5*100 -> 84.090909
A6: Wiley | B6: 99 | C6: 95 | D6: 4 | E6: =C6/B6*100 -> 95.959596

Sheet Sheet2
A1: pub | B1: total | C1: t_count | D1: non_t | E1: t_percent
A2: ACS | B2: 29 | C2: 23 | D2: 6 | E2: =C2/B2*100 -> 79.310345
A3: Elsevier | B3: 23 | C3: 22 | D3: 1 | E3: =C3/B3*100 -> 95.652174
A4: RSC | B4: 22 | C4: 20 | D4: 2 | E4: =C4/B4*100 -> 90.909091
A5: Springer | B5: 46 | C5: 40 | D5: 6 | E5: =C5/B5*100 -> 86.956522
A6: Wiley | B6: 97 | C6: 95 | D6: 2 | E6: =C6/B6*100 -> 97.938144

Sheet Sheet3
A1: pub | B1: total | C1: t_count | D1: non_t | E1: t_percent
A2: ACS | B2: 30 | C2: 24 | D2: 6 | E2: =C2/B2*100 -> 80
A3: Elsevier | B3: 19 | C3: 17 | D3: 2 | E3: =C3/B3*100 -> 89.473684
A4: RSC | B4: 24 | C4: 22 | D4: 2 | E4: =C4/B4*100 -> 91.666667
A5: Springer | B5: 44 | C5: 38 | D5: 6 | E5: =C5/B5*100 -> 86.363636
A6: Wiley | B6: 102 | C6: 94 | D6: 8 | E6: =C6/B6*100 -> 92.156863

Sheet sheet4
A1: overall_total | B1: overall_t_count | C1: overall_non_t | D1: overall_t_percent
A2: 214 | B2: 195 | C2: 19 | D2: =B2/A2*100 -> 91.121495
A3: 217 | B3: 200 | C3: 17 | D3: =B3/A3*100 -> 92.165899
A4: 219 | B4: 195 | C4: 24 | D4: =B4/A4*100 -> 89.041096
